,col
0,"<!doctype html><html itemscope="""" itemtype=""http://schema.org/SearchResultsPage"" lang=""nl""><head><meta content=""text/html; charset=UTF-8"" http-equiv=""Content-Type""><meta content=""/images/branding/googleg/1x/googleg_standard_color_128dp.png"" itemprop=""image""><noscript><meta content=""0;url=/search?q=rooms+in+leuven&amp;hl=nl&amp;ie=UTF-8&amp;gbv=1&amp;sei=Bj1DXIiiE4TNwALYxI_QCA"" http-equiv=""refresh""><style>table,div,span,p{display:none}</style><div style=""display:block"">Klik <a href=""/search?q=rooms+in+leuven&amp;hl=nl&amp;ie=UTF-8&amp;gbv=1&amp;sei=Bj1DXIiiE4TNwALYxI_QCA"">hier"
1," als je niet binnen enkele seconden wordt omgeleid.</div></noscript><title>rooms in leuven - Google zoeken</title><style>#gbar,#guser{font-size:13px;padding-top:1px !important;}#gbar{height:22px}#guser{padding-bottom:7px !important;text-align:right}.gbh,.gbd{border-top:1px solid #c9d7f1;font-size:1px}.gbh{height:0;position:absolute;top:24px;width:100%}@media all{.gb1{height:22px;margin-right:.5em;vertical-align:top}#gbar{float:left}}a.gb1,a.gb4{text-decoration:underline !important}a.gb1,a.gb4{color:#00c !important}.gbi .gb4{color:#dd8e27 !important}.gbf .gb4{color:#900 !important}
</style><style>.star{float:left;margin-top:1px;overflow:hidden}.ybhkme{font-size:11px}.j{width:34em}body,td,div,a{font-family:arial,sans-serif;tap-highlight-color:rgba(255,255,255,0)}body{margin:0}a img{border:0}#gbar{float:left;height:22px;padding-left:2px;font-size:13px}.gsfi,.gsfs{font-size:17px}.w,.q:active,.q:visited,.tbotu{color:#11c}a.gl{text-decoration:none}#foot{padding:0 8px}#foot a{white-space:nowrap}h3{font-size:16px;font-weight:normal;margin:0;padding:0}#res h3{display:inline}.hd{height:1px;position:absolute;top:-1000em}.g,body,html,table,.std{font-size:13px}.g{margin-bottom:23px;margin-top:0;zoom:1}ol li,ul li{list-style:none}h1,ol,ul,li{margin:0;padding:0}.e{margin:2px 0 0.75em}#leftnav a{text-decoration:none}#leftnav h2{color:#767676;font-weight:normal;margin:0}#nav{border-collapse:collapse;margin-top:17px;text-align:left}#nav td{text-align:center}.nobr{white-space:nowrap}.ts{border-collapse:collapse}.s br{display:none}.csb{display:block;height:40px}.images_table td{line-height:17px;padding-bottom:16px}.images_table img{border:1px solid #ccc;padding:1px}#tbd,#abd{display:block;min-height:1px}#abd{padding-top:3px}#tbd li{display:inline}.TIrJXe,.UU5df{margin-bottom:8px}#tbd .tbt li{display:block;font-size:13px;line-height:1.2;padding-bottom:3px;padding-left:8px;text-indent:-8px}.tbos,.b{font-weight:bold}em{font-weight:bold;font-style:normal}.mime{color:#1a0dab;font-weight:bold;font-size:x-small}.soc a{text-decoration:none}.soc{color:#808080}.ul7Gbc{color:#e7711b}#Db7kif{border:1px solid #e0e0e0;margin-left:-8px;margin-right:-8px;padding:15px 20px 5px}.mrH1y{font-size:32px}.PZ6wOb{color:#777;font-size:16px;margin-top:5px}.gwrItc{color:#777;font-size:14px;margin-top:5px}.SVob4e{border:1px solid #e0e0e0;padding-left:20px}.mYu5Hb{border:1px solid #e0e0e0;padding:5px 20px}#vob{border:1px solid #e0e0e0;padding:15px 15px}#ZjIC2e{font-size:22px;line-height:22px;padding-bottom:5px}#vob_st{line-height:1.24}.DfLGHd{border-width:1px;border-style:solid;border-color:#eee;background-color:#fff;position:relative;margin-bottom:26px}.uRIxYb,.NjTIc,.PftIHd,.DXoZmb{font-family:Arial;font-weight:lighter}.uRIxYb{margin-bottom:5px}.uRIxYb{font-size:xx-large}.NjTIc{font-size:medium}.PftIHd{font-size:large}.DXoZmb{font-size:small}.DfLGHd{margin-left:-8px;margin-right:-15px;padding:20px 20px 24px}.ernfsc{border-spacing:0px 2px}.D3VFNd{max-width:380px;text-overflow:ellipsis;white-space:nowrap;overflow:hidden;padding-left:0px}.c1Ujmc{padding-left:15px;white-space:nowrap;color:#666}.EjZtie{padding-left:0px}.SFt5jb{color:#212121}.Pt7r9e{color:#878787}.bkcGhd{color:#093}.fIP9ce{color:#c00}.LDBB9d{padding:1px}.gssb_a{padding:0 10px !important}.gssb_c{left:132px !important;right:295px !important;top:78px !important;width:572px !important}.gssb_c table{font-size:16px !important}.gssb_e{border:1px solid #ccc !important;border-top-color:#d9d9d9 !important}.gssb_i{background:#eee !important}#res{padding:0 8px}#rhs_block{padding-top:43px}#MCN7mf{padding:0 8px}#subform_ctrl{font-size:11px;height:17px;margin:5px 3px 0 17px}.taf{padding-bottom:3px}.WIkLp{padding:20px 0 3px}.FuZzl{padding:20px 0 3px}#topstuff .e{padding-bottom:6px}.slk .sld{width:250px}.slk{margin-bottom:-3px}.slk .zaHRAf{padding-bottom:5px;width:250px}.ac,.st{line-height:1.24}.a1DBFd,#ofr{font-size:16px;margin:1em 0;padding:0 8px}.tZz6cc{padding-bottom:25px}.s{color:#545454}.ac{color:#545454}a.fl,.A8ul6 a,.osl a{color:#1a0dab;text-decoration:none}a:link{color:#1a0dab;cursor:pointer}#tads a:link{color:#1a0dab}#tads .soc a:link{color:#808080}a:visited{color:#61C}.blg a{text-decoration:none}cite,cite a:link{color:#006621;font-style:normal}#tads cite{color:#006621}.hJND5c{font-size:15px}.kvs{margin-top:1px}.hJND5c,.kvs,.slp{display:block;margin-bottom:1px}.kt{border-spacing:2px 0;margin-top:1px}.f{color:#808080}.L4Zeue{color:#093}h4.r{display:inline;font-size:small;font-weight:normal}.g{line-height:1.2}.NpC9Hd{display:inline-block;vertical-align:top;overflow:hidden;position:relative}.COi8F{margin:0 0 2em 1.3em}.COi8F li{list-style-type:disc}.osl{color:#777;margin-top:4px}.r{font-size:16px;margin:0}.gL9Hy{font-size:16px}.spell_orig{font-size:13px}.spell_orig a{text-decoration:none}.spell_orig b i{font-style:normal;font-weight:normal}.th{border:1px solid #ebebeb}.ts td{padding:0}.videobox{padding-bottom:3px}.slk a{text-decoration:none}#leftnav a:hover,#leftnav .tbou a:hover,.slk h3 a,a:hover{text-decoration:underline}#mn{table-layout:fixed;width:100%}#leftnav a{color:#222;font-size:13px}#leftnav{padding:43px 4px 4px 0}.tbos{color:#dd4b39}.tbt{margin-bottom:28px}#tbd{padding:0 0 0 16px}.tbou a{color:#222}#center_col{border:0;padding:0 8px 0 0}#topstuff .e{padding-top:3px}#topstuff .p64x9c{padding-top:6px}#ab_name{color:#dd4b39;font:20px ""Arial"";margin-left:15px}#resultStats{color:#999;font-size:13px;overflow:hidden;white-space:nowrap}.mslg>td{padding-right:1px;padding-top:2px}.slk .sld{margin-top:2px;padding:5px 0 5px 5px}.fmp{padding-top:3px}.close_btn{overflow:hidden}#fll a,#bfl a{color:#1a0dab !important;margin:0 12px;text-decoration:none !important}.ng{color:#dd4b39}#mss{margin:.33em 0 0;padding:0;display:table}.NYKCib{display:inline-block;float:left;white-space:nowrap;padding-right:16px}#mss p{margin:0;padding-top:5px}.tn{border-bottom:1px solid #ebebeb;display:block;float:left;height:59px;line-height:54px;min-width:980px;padding:0;position:relative;white-space:nowrap}.qrSWbe,a.qrSWbe{color:#777;cursor:pointer;display:inline-block;font-family:arial,sans-serif;font-size:small;height:54px;line-height:54px;margin:0 8px;padding:0 8px;text-decoration:none;white-space:nowrap}.tnuiC{border-bottom:3px solid #dd4b39;color:#dd4b39;font-weight:bold;margin:2px 8px 0}a.KDZjCd:hover{color:black;text-decoration:none;white-space:nowrap}body{margin:0;padding:0}.sFTC8c{display:inline-block;float:left;margin-top:2px}.pqkqJe,a.pqkqJe{margin-left:1px}.sd{line-height:43px;padding:0 8px 0 9px}a:active,.osl a:active,.tbou a:active,#leftnav a:active{color:#dd4b39}#bfl a:active{color:#dd4b39 !important}.csb{background:url(/images/nav_logo229.png) no-repeat;overflow:hidden}.close_btn{background:url(/images/nav_logo229.png) no-repeat -138px -84px;height:14px;width:14px;display:block}.star{background:url(/images/nav_logo229.png) no-repeat -94px -245px;height:13px;width:65px;display:block}.star div,.star span{background:url(/images/nav_logo229.png) no-repeat 0 -245px;height:13px;width:65px;display:block}.Pj9hGd{display:inline;margin:0 3px;outline-color:transparent;overflow:hidden;position:relative}.Pj9hGd>div{outline-color:transparent}.CiacGf{border-color:transparent;border-style:solid dashed dashed;border-top-color:green;border-width:4px 4px 0 4px;cursor:pointer;display:inline-block;font-size:0;height:0;left:4px;line-height:0;outline-color:transparent;position:relative;top:-3px;width:0}.CiacGf{margin-top:-4px}.am-dropdown-menu{display:block;background:#fff;border:1px solid #dcdcdc;font-size:13px;left:0;padding:0;position:absolute;right:auto;white-space:nowrap;z-index:3}.mUpfKd{list-style:none;white-space:nowrap}.mUpfKd:hover{background-color:#eee}a.imx0m{color:#333;cursor:pointer;display:block;padding:7px 18px;text-decoration:none}#tads a.imx0m{color:#333}.sfbgg{background:#f1f1f1;border-bottom:1px solid #e5e5e5;height:71px}#logocont{z-index:1;padding-left:4px;padding-top:4px}#logo{display:block;height:49px;margin-top:12px;margin-left:12px;overflow:hidden;position:relative;width:137px}#logo img{left:0;position:absolute;top:-41px}.lst-a{background:white;border:1px solid #d9d9d9;border-top-color:silver;width:570px}.lst-a:hover{border:1px solid #b9b9b9;border-top:1px solid #a0a0a0;box-shadow:inset 0 1px 2px rgba(0,0,0,0.1);-webkit-box-shadow:inset 0 1px 2px rgba(0,0,0,0.1);-moz-box-shadow:inset 0 1px 2px rgba(0,0,0,0.1)}.lst-td{border:none;padding:0}.tia input{border-right:none;padding-right:0}.tia{padding-right:0}.lst{background:none;border:none;color:#000;font:16px arial,sans-serif;float:left;height:22px;margin:0;padding:3px 6px 2px 9px;vertical-align:top;width:100%;word-break:break-all}.lst:focus{outline:none}.lst-b{background:none;border:none;height:26px;padding:0 6px 0 12px}.ds{border-right:1px solid #e7e7e7;position:relative;height:29px;margin-left:17px;z-index:100}.lsbb{background-image:-moz-linear-gradient(top,#4d90fe,#4787ed);background-image:-ms-linear-gradient(top,#4d90fe,#4787ed);background-image:-o-linear-gradient(top,#4d90fe,#4787ed);background-image:-webkit-gradient(linear,left top,left bottom,from(#4d90fe),to(#4787ed));background-image:-webkit-linear-gradient(top,#4d90fe,#4787ed);background-image:linear-gradient(top,#4d90fe,#4787ed);border:1px solid #3079ed;border-radius:2px;background-color:#4d90fe;height:27px;width:68px}.lsbb:hover{background-image:-moz-linear-gradient(top,#4d90fe,#357ae8);background-image:-ms-linear-gradient(top,#4d90fe,#357ae8);background-image:-o-linear-gradient(top,#4d90fe,#357ae8);background-image:-webkit-gradient(linear,left top,left bottom,from(#4d90fe),to(#357ae8));background-image:-webkit-linear-gradient(top,#4d90fe,#357ae8);background-color:#357ae8;background-image:linear-gradient(top,#4d90fe,#357ae8);border:1px solid #2f5bb7}.lsb{background:transparent;background-position:0 -343px;background-repeat:repeat-x;border:none;color:#000;cursor:default;font:15px arial,sans-serif;height:29px;margin:0;vertical-align:top;width:100%}.lsb:active{-moz-box-shadow:inset 0 1px 2px rgba(0,0,0,0.3);-webkit-box-shadow:inset 0 1px 2px rgba(0,0,0,0.3);box-shadow:inset 0 1px 2px rgba(0,0,0,0.3);background:transparent;color:transparent;overflow:hidden;position:relative;width:100%}.sbico{color:transparent;display:inline-block;height:15px;margin:0 auto;margin-top:2px;width:15px;overflow:hidden}</style><script nonce=""1b2d0oO4lVMFIHY08VLRMQ=="">(function(){window.google={kEI:'Bj1DXIiiE4TNwALYxI_QCA',kEXPI:'0,1353747,57,50,1908,1016,1406,697,528,730,896,836,67,30,1227,787,19,640,354,83,2335200,211,32,68,329226,1294,12383,4855,32691,15248,867,7505,4658,5281,1954,9286,363,1166,2154,1262,4243,1241,1195,4008,1365,575,835,284,2,205,373,728,2432,1361,4323,3390,8,1524,11,35,773,2115,136,5894,2,1965,2595,182,283,3136,669,535,513,3,463,1344,386,743,268,81,7,28,463,620,29,1015,838,3204,644,2550,844,904,305,318,558,412,2,554,2634,667,152,796,1220,38,363,279,278,573,145,155,498,719,42,51,1271,484,47,1080,2369,360,7,1,1058,499,1245,261,2,363,265,218,771,7,1566,2,4,2,670,44,218,25,9,2,680,581,264,408,348,175,43,27,252,879,279,89,809,187,508,106,347,138,999,17,632,464,87,585,278,44,229,77,25,330,72,154,539,20,436,136,2,83,325,15,102,109,228,904,1,211,340,2,432,191,11,1,2,868,113,53,6,263,89,224,39,3,446,23,818,511,5966663,2554,96,25,112,21,5997347,90,162',authuser:0,kscs:'c9c918f0_Bj1DXIiiE4TNwALYxI_QCA',kGL:'NL'};google.kHL='nl';})();google.time=function(){return(new Date).getTime()};(function(){google.lc=[];google.li=0;google.getEI=function(a){for(var b;a&&(!a.getAttribute||!(b=a.getAttribute(""eid"")));)a=a.parentNode;return b||google.kEI};google.getLEI=function(a){for(var b=null;a&&(!a.getAttribute||!(b=a.getAttribute(""leid"")));)a=a.parentNode;return b};google.https=function(){return""https:""==window.location.protocol};google.ml=function(){return null};google.log=function(a,b,e,c,g){if(a=google.logUrl(a,b,e,c,g)){b=new Image;var d=google.lc,f=google.li;d[f]=b;b.onerror=b.onload=b.onabort=function(){delete d[f]};google.vel&&google.vel.lu&&google.vel.lu(a);b.src=a;google.li=f+1}};google.logUrl=function(a,b,e,c,g){var d="""",f=google.ls||"""";e||-1!=b.search(""&ei="")||(d=""&ei=""+google.getEI(c),-1==b.search(""&lei="")&&(c=google.getLEI(c))&&(d+=""&lei=""+c));c="""";!e&&google.cshid&&-1==b.search(""&cshid="")&&""slh""!=a&&(c=""&cshid=""+google.cshid);a=e||""/""+(g||""gen_204"")+""?atyp=i&ct=""+a+""&cad=""+b+d+f+""&zx=""+google.time()+c;/^http:/i.test(a)&&google.https()&&(google.ml(Error(""a""),!1,{src:a,glmm:1}),a="""");return a};}).call(this);(function(){google.y={};google.x=function(a,b){if(a)var c=a.id;else{do c=Math.random();while(google.y[c])}google.y[c]=[a,b];return!1};google.lm=[];google.plm=function(a){google.lm.push.apply(google.lm,a)};google.lq=[];google.load=function(a,b,c){google.lq.push([[a],b,c])};google.loadAll=function(a,b){google.lq.push([a,b])};}).call(this);google.f={};(function(){var b={gen204:""dcl"",clearcut:4};var c=[function(){google.c&&google.tick(""load"",b)}];google.dclc=function(a){c.length?c.push(a):a()};function d(){for(var a;a=c.shift();)a()}window.addEventListener?(document.addEventListener(""DOMContentLoaded"",d,!1),window.addEventListener(""load"",d,!1)):window.attachEvent&&window.attachEvent(""onload"",d);}).call(this);</script><script type=""text/javascript"" nonce=""1b2d0oO4lVMFIHY08VLRMQ==""></script><script nonce=""1b2d0oO4lVMFIHY08VLRMQ=="">(function(){google.sham=function(c){for(var d=c.parentElement,a=null,b=0;b<d.childNodes.length;b++){var e=d.childNodes[b];-1<("" ""+e.className+"" "").indexOf("" am-dropdown-menu "")&&(a=e)}""none""==a.style.display?(a.style.display="""",google.log(""hpam"",""&ved=""+c.getAttribute(""data-ved""))):a.style.display=""none""};}).call(this);(function(){var b=[];google.jsc={xx:b,x:function(a){b.push(a)},mm:[],m:function(a){google.jsc.mm.length||(google.jsc.mm=a)}};}).call(this);</script></head><body class=""hsrp"" bgcolor=""#ffffff"" marginheight=""0"" marginwidth=""0"" topmargin=""0""><div id=gbar><nobr><b class=gb1>Zoeken</b> <a class=gb1 href=""https://www.google.nl/search?hl=nl&tbm=isch&source=og&tab=wi"">Afbeeldingen"
2," <a class=gb1 href=""https://maps.google.nl/maps?hl=nl&tab=wl"">Maps"
3," <a class=gb1 href=""https://play.google.com/?hl=nl&tab=w8"">Play"
4," <a class=gb1 href=""https://www.youtube.com/results?gl=NL&tab=w1"">YouTube"
5," <a class=gb1 href=""https://news.google.nl/nwshp?hl=nl&tab=wn"">Nieuws"
6," <a class=gb1 href=""https://mail.google.com/mail/?tab=wm"">Gmail"
7," <a class=gb1 href=""https://drive.google.com/?tab=wo"">Drive"
8," <a class=gb1 style=""text-decoration:none"" href=""https://www.google.nl/intl/nl/about/products?tab=wh""><u>Meer</u> &raquo;"
9,"</nobr></div><div id=guser width=100%><nobr><span id=gbn class=gbi></span><span id=gbf class=gbf></span><span id=gbe></span><a href=""http://www.google.nl/history/optout?hl=nl"" class=gb4>Webgeschiedenis"
10," | <a  href=""/preferences?hl=nl"" class=gb4>Instellingen"
11," | <a target=_top id=gb_70 href=""https://accounts.google.com/ServiceLogin?hl=nl&passive=true&continue=https://www.google.com/search%3Fq%3Drooms%2Bin%2Bleuven%26num%3D10%26hl%3Dnl"" class=gb4>Inloggen"
12,"</nobr></div><div class=gbh style=left:0></div><div class=gbh style=right:0></div><table id=""mn"" border=""0"" cellpadding=""0"" cellspacing=""0"" style=""position:relative""><tr><th width=""132""></th><th width=""573""></th><th width=""278""></th><th></th></tr><tr><td class=""sfbgg"" valign=""top""><div id=""logocont""><h1><a href=""/webhp?hl=nl"" style=""background-image:url(/images/nav_logo229.png);background-repeat:no-repeat;height:37px;width:95px;display:block;background-position:0 -41px"" id=""logo"" title=""Go to Google Home"">"
13,"</h1></div></td><td class=""sfbgg"" colspan=""2"" valign=""top"" style=""padding-left:0px""><form style=""display:block;margin:0;background:none"" action=""/search"" id=""tsf"" method=""GET"" name=""gs""><table border=""0"" cellpadding=""0"" cellspacing=""0"" style=""margin-top:20px;position:relative""><tr><td><div class=""lst-a""><table cellpadding=""0"" cellspacing=""0""><tr><td class=""lst-td"" width=""555"" valign=""bottom""><div style=""position:relative;zoom:1""><input class=""lst"" value=""rooms in leuven"" title=""Zoeken"" autocomplete=""off"" id=""sbhost"" maxlength=""2048"" name=""q"" type=""text""></div></td></tr></table></div></td><td><div class=""ds""><div class=""lsbb""><button class=""lsb"" value=""Zoeken"" name=""btnG"" type=""submit""><span class=""sbico"" style=""background-image:url(/images/nav_logo229.png);background-repeat:no-repeat;height:14px;width:13px;display:block;background-position:-36px -111px""></span></button></div></div></td></tr></table><input name=""hl"" value=""nl"" type=""hidden""></form></td><td class=""sfbgg"">&nbsp;</td></tr><tr style=""position:relative""><td><div style=""border-bottom:1px solid #ebebeb;height:59px""></div></td><td colspan=""2""><div class=""tn""><div class=""qrSWbe tnuiC sFTC8c pqkqJe"">Alle</div><div class=""sFTC8c""><a class=""qrSWbe KDZjCd"" href=""/search?q=rooms+in+leuven&amp;hl=nl&amp;ie=UTF-8&amp;prmd=ivnsm&amp;source=lnms&amp;tbm=isch&amp;sa=X&amp;ved=0ahUKEwiIvabPj_rfAhWEJlAKHVjiA4oQ_AUIBQ"">Afbeeldingen"
14,"</div><div class=""sFTC8c""><a class=""qrSWbe KDZjCd"" href=""/search?q=rooms+in+leuven&amp;hl=nl&amp;ie=UTF-8&amp;prmd=ivnsm&amp;source=lnms&amp;tbm=vid&amp;sa=X&amp;ved=0ahUKEwiIvabPj_rfAhWEJlAKHVjiA4oQ_AUIBg"">Video's"
15,"</div><div class=""sFTC8c""><a class=""qrSWbe KDZjCd"" href=""/search?q=rooms+in+leuven&amp;hl=nl&amp;ie=UTF-8&amp;prmd=ivnsm&amp;source=lnms&amp;tbm=nws&amp;sa=X&amp;ved=0ahUKEwiIvabPj_rfAhWEJlAKHVjiA4oQ_AUIBw"">Nieuws"
16,"</div><div class=""sFTC8c""><a class=""qrSWbe KDZjCd"" href=""/search?q=rooms+in+leuven&amp;hl=nl&amp;ie=UTF-8&amp;prmd=ivnsm&amp;source=lnms&amp;tbm=shop&amp;sa=X&amp;ved=0ahUKEwiIvabPj_rfAhWEJlAKHVjiA4oQ_AUICA"">Shopping"
17,"</div><div class=""sFTC8c""><a class=""qrSWbe KDZjCd"" href=""https://maps.google.com/maps?q=rooms+in+leuven&amp;num=10&amp;hl=nl&amp;um=1&amp;ie=UTF-8&amp;sa=X&amp;ved=0ahUKEwiIvabPj_rfAhWEJlAKHVjiA4oQ_AUICQ"">Maps"
18,"</div><div class=""sFTC8c""><a class=""qrSWbe KDZjCd"" href=""/search?q=rooms+in+leuven&amp;hl=nl&amp;ie=UTF-8&amp;prmd=ivnsm&amp;source=lnms&amp;tbm=bks&amp;sa=X&amp;ved=0ahUKEwiIvabPj_rfAhWEJlAKHVjiA4oQ_AUICg"">Boeken"
19,"</div></div><div style=""border-bottom:1px solid #ebebeb;height:59px""></div></td><td><div style=""border-bottom:1px solid #ebebeb;height:59px""></div></td></tr><tbody id=""desktop-search""><style>.pCA4Bd,.pCA4Bd a:link,.pCA4Bd a:visited,a.pCA4Bd:link,a.pCA4Bd:visited{color:#808080}.AzrInc{color:#61C}.ellip{overflow:hidden;text-overflow:ellipsis;white-space:nowrap}.veoHfb{margin:0;font-weight:normal;font-size:0;line-height:0}#KsHht .b15sV,#D7Sjmd .b15sV{float:right}#KsHht .veoHfb,#D7Sjmd .veoHfb{position:relative;top:3px;right:4px}.RTUwJd{margin-bottom:23px}#KsHht{margin-bottom:6px;padding:0 8px 11px}#D7Sjmd{margin:-10px 0 11px;padding:9px 8px 12px}.ads-ad{color:#545454}.ads-ad a{text-decoration:none}.ads-ad a:hover,.ads-ad h3 a{text-decoration:underline}.ads-visurl{font-size:15px;margin-bottom:2px;}.UdQCqe{display:inline-block;max-width:505px;overflow:hidden;text-overflow:ellipsis;vertical-align:bottom;white-space:nowrap;}.ads-visurl .Z98Wse{margin-right:7px}.wQIfQ{overflow:hidden;max-height:38px}.XfY0Ec{overflow:hidden;max-height:32px}.ads-ad{color:#545454;line-height:1.24}.Z98Wse{background-color:#fff;border-radius:3px;border:1px solid #006621;color:#006621;display:inline-block;font-size:11px;padding:1px 3px 0 2px;line-height:11px;vertical-align:baseline}.mQiB1{display:inline-block;float:none;vertical-align:-1px;}.P1npG{margin-top:3px}.dg4MBd img{border-top-left-radius:2px;border-top-right-radius:2px}.WPcjGf .dg4MBd img{border-top-left-radius:0}.rllt__wrapped,.rllt__wrap-on-expand{}.rllt__wrapped,.rllt__details .rllt__wrapped,.rllt__details .rllt__wrapped div{white-space:normal}.rl-qs-crs-t .rllt__details .rllt__wrap-on-expand{white-space:nowrap}.rllt__details .rllt__wrap-on-expand,.tile-static .rllt__details .rllt__wrap-on-expand{white-space:normal}.rllt__details .rllt__wrap-on-expand div{white-space:inherit;overflow:inherit;text-overflow:inherit}.kR1eme{color:rgba(0,0,0,.87);font-size:16px;line-height:18px;}.t1IUkc{display:flex}.BTtC6e{color:#e7711b}.VY7aBe{margin:0 4px}.EIKTG{color:#cc4125}.orNyrb{color:#f09300}.LiTCwd{color:#66667d}.RGCvMc{display:table;table-layout:fixed;min-height:16px;line-height:19px}.gqguwf{display:table-cell;overflow:hidden;text-overflow:ellipsis;vertical-align:center}.X37Bwb{display:table-cell;vertical-align:top;width:22px}.MJ1Rwc{display:inline-block;height:16px;width:16px;vertical-align:middle}.OS1I9.RfWLue{min-height:16px;display:table;table-layout:fixed}.OS1I9 .nTz1e{width:22px;vertical-align:top;display:table-cell}.OS1I9{width:16px;height:16px}.OS1I9 .b4vunb{display:table-cell;overflow:hidden;text-overflow:ellipsis;vertical-align:middle;font-size:13px;padding-top:2px;}.OS1I9 .OaDgwd{font-weight:bold}g-img{display:block}.M4dUYb{position:relative}.rISBZc{display:block;border:0}.nKShV{display:table-cell}.QmOTZd{display:table;table-layout:fixed}.rl-qs-crs-t .rllt__multi-line>:not(:first-child){display:none}.rl-qs-crs-t .rllt__initially-hidden{display:none}.MmpQZb{background:url(data:image/png;base64,iVBORw0KGgoAAAANSUhEUgAAABgAAAAYCAYAAADgdz34AAAATUlEQVR4AWPwySykKR61AIJHLZDiXd0AwtS1AGF4IBD/g+IGciygqSUggqaWgAiaWgIiKLJkKFmAafhQiWRMw+md0Qa+qKAMj1owagEA9oqlMViMbnkAAAAASUVORK5CYII=)}.boLwW{display:inline-block;height:18px;width:18px}.nap1td,.nap1td:link,.nap1td:visited{color:#1a0dab;display:table-cell;font-size:11px;line-height:20px;text-align:center;text-decoration:none;text-transform:uppercase;vertical-align:middle;width:54px}.nap1td:last-child{width:94px}.hc8x7b{text-align:center;width:104px}.LPMtqb,.LPMtqb:hover,.LPMtqb:link,.LPMtqb:visited{color:#757575;font-size:14px;text-decoration:none}#rcnt a.LPMtqb,#rcnt a.LPMtqb:hover,#rcnt a.LPMtqb:link,#rcnt a.LPMtqb:visited{text-decoration:none}.IvtMPc{border-bottom:1px solid #ebebeb;padding:11px 0 11px 16px;text-align:left}.IvtMPc:last-child{border:none}.O6u2Ve{border-collapse:collapse;table-layout:fixed;width:100%}.O6u2Ve td{padding:0}.elzrQ{color:#1a0dab;display:block;padding:14px 16px}.elzrQ{font-size:16px}.elzrQ:hover{text-decoration:underline}.ksBKIe{border:1px solid #ebebeb;overflow:hidden}</style><tr><td id=""leftnav"" valign=""top""><div><h2 class=""hd"">Search Options</h2><ul class=""med"" id=""tbd""><li><ul class=""tbt""><li class=""tbos"" id=""lr_"">Elke taal</li><li class=""tbou"" id=""lr_lang_1nl""><a class=""q"" href=""/search?q=rooms+in+leuven&amp;hl=nl&amp;ie=UTF-8&amp;prmd=ivnsm&amp;source=lnt&amp;tbs=lr:lang_1nl&amp;lr=lang_nl&amp;sa=X&amp;ved=0ahUKEwiIvabPj_rfAhWEJlAKHVjiA4oQpwUIDw"">Zoeken in pagina's in het Nederlands"
20,"</li></ul></li><li><ul class=""tbt""><li class=""tbos"" id=""qdr_"">Elke periode</li><li class=""tbou"" id=""qdr_h""><a class=""q"" href=""/search?q=rooms+in+leuven&amp;hl=nl&amp;ie=UTF-8&amp;prmd=ivnsm&amp;source=lnt&amp;tbs=qdr:h&amp;sa=X&amp;ved=0ahUKEwiIvabPj_rfAhWEJlAKHVjiA4oQpwUIDw""> Afgelopen uur"
21,"</li><li class=""tbou"" id=""qdr_d""><a class=""q"" href=""/search?q=rooms+in+leuven&amp;hl=nl&amp;ie=UTF-8&amp;prmd=ivnsm&amp;source=lnt&amp;tbs=qdr:d&amp;sa=X&amp;ved=0ahUKEwiIvabPj_rfAhWEJlAKHVjiA4oQpwUIDw""> Afgelopen 24 uur"
22,"</li><li class=""tbou"" id=""qdr_w""><a class=""q"" href=""/search?q=rooms+in+leuven&amp;hl=nl&amp;ie=UTF-8&amp;prmd=ivnsm&amp;source=lnt&amp;tbs=qdr:w&amp;sa=X&amp;ved=0ahUKEwiIvabPj_rfAhWEJlAKHVjiA4oQpwUIDw""> Afgelopen week"
23,"</li><li class=""tbou"" id=""qdr_m""><a class=""q"" href=""/search?q=rooms+in+leuven&amp;hl=nl&amp;ie=UTF-8&amp;prmd=ivnsm&amp;source=lnt&amp;tbs=qdr:m&amp;sa=X&amp;ved=0ahUKEwiIvabPj_rfAhWEJlAKHVjiA4oQpwUIDw""> Afgelopen maand"
24,"</li><li class=""tbou"" id=""qdr_y""><a class=""q"" href=""/search?q=rooms+in+leuven&amp;hl=nl&amp;ie=UTF-8&amp;prmd=ivnsm&amp;source=lnt&amp;tbs=qdr:y&amp;sa=X&amp;ved=0ahUKEwiIvabPj_rfAhWEJlAKHVjiA4oQpwUIDw""> Afgelopen jaar"
25,"</li></ul></li><li><ul class=""tbt""><li class=""tbos"" id=""li_"">Alle resultaten</li><li class=""tbou"" id=""li_1""><a class=""q"" href=""/search?q=rooms+in+leuven&amp;hl=nl&amp;ie=UTF-8&amp;prmd=ivnsm&amp;source=lnt&amp;tbs=li:1&amp;sa=X&amp;ved=0ahUKEwiIvabPj_rfAhWEJlAKHVjiA4oQpwUIDw"">Woord voor woord"
26,"</li></ul></li></ul></div></td><td valign=""top""><div id=""center_col""><div class=""sd"" id=""resultStats"">Ongeveer 1.870.000 resultaten</div><div class=""C4eCVc"" id=""KsHht""><ol><li class=""ads-ad""><h3 class=""ellip""><a href=""http://www.google.com/aclk?sa=l&amp;ai=DChcSEwjruqzPj_rfAhVDxrIKHQauBQkYABAAGgJscg&amp;sig=AOD64_1rA_asl8aWuGi5CX1K45SvY81fdg&amp;ved=0ahUKEwiIvabPj_rfAhWEJlAKHVjiA4oQ0QwIEg&amp;adurl="">De 10 beste hotels in <b>Leuven</b>, België - booking.com"
27,"</h3><div class=""ads-visurl""><span class=""Z98Wse"">Adv.</span><cite class=""UdQCqe"">www.booking.com/</cite><div class=""Pj9hGd""><div style=""display:inline"" onclick=""google.sham(this);"" aria-expanded=""false"" aria-haspopup=""true"" tabindex=""0"" data-ved=""0ahUKEwiIvabPj_rfAhWEJlAKHVjiA4oQ7B0IEw""><span class=""CiacGf""></span></div><div style=""display:none"" class=""am-dropdown-menu"" role=""menu"" tabindex=""-1""><ul><li class=""mUpfKd"" style=""margin:0""><a class=""imx0m"" href=""/url?q=/settings/ads/preferences%3Fhl%3Dnl&amp;sa=U&amp;ved=0ahUKEwiIvabPj_rfAhWEJlAKHVjiA4oQgRMIFQ&amp;usg=AOvVaw1_sPHxR0H-t10mJry8Uj-G"" target=""_blank"">Waarom deze advertentie?"
28,"</li></ul></div></div></div><div class=""pCA4Bd""><span class=""ul7Gbc"">5,0</span> <div class=""mQiB1 star""><div style=""width:65px"">&nbsp;</div></div> <a href=""/url?q=https://www.google.com/shopping/ratings/account/metrics%3Fq%3Dbooking.com%26c%3DNL%26v%3D2&amp;sa=U&amp;ved=0ahUKEwiIvabPj_rfAhWEJlAKHVjiA4oQ_aQDCBc&amp;usg=AOvVaw1vvPPpDooKCN8xur-jVLjc"">beoord. van adverteerder"
29,"</div><div class=""ads-creative XfY0Ec"">Boek op 240.000+ hotels online Reserveer online, laagste prijzen. Gratis annulering. Lees echte reviews. 24/7 Klantenservice.</div><div class=""P1npG""><a href=""http://www.google.com/aclk?sa=l&amp;ai=DChcSEwjruqzPj_rfAhVDxrIKHQauBQkYABABGgJscg&amp;sig=AOD64_208Y8KV50o8ZqqEZh5XIsMGgE-EA&amp;ved=0ahUKEwiIvabPj_rfAhWEJlAKHVjiA4oQpigIGSgA&amp;adurl="">Beste prijsgarantie"
30," - <a href=""http://www.google.com/aclk?sa=l&amp;ai=DChcSEwjruqzPj_rfAhVDxrIKHQauBQkYABACGgJscg&amp;sig=AOD64_1l7oKKkSM64viBAEoUe0AC1GuVpA&amp;ved=0ahUKEwiIvabPj_rfAhWEJlAKHVjiA4oQpigIGigB&amp;adurl="">Veilig boeken"
31," - <a href=""http://www.google.com/aclk?sa=l&amp;ai=DChcSEwjruqzPj_rfAhVDxrIKHQauBQkYABADGgJscg&amp;sig=AOD64_2V2PnzQ6SA6FMMq6OtOK5pzGqL2w&amp;ved=0ahUKEwiIvabPj_rfAhWEJlAKHVjiA4oQpigIGygC&amp;adurl="">Geen reserveringskosten"
32," - <a href=""http://www.google.com/aclk?sa=l&amp;ai=DChcSEwjruqzPj_rfAhVDxrIKHQauBQkYABAEGgJscg&amp;sig=AOD64_0rrcnbR5-oSqd6ae8niRrD7p5qCQ&amp;ved=0ahUKEwiIvabPj_rfAhWEJlAKHVjiA4oQpigIHCgD&amp;adurl="">Wij spreken uw taal"
33,"</div></li></ol></div><div id=""res""><div id=""topstuff""></div><div id=""search""><div id=""ires""><ol><div class=""ksBKIe g""><a href=""https://maps.google.com/maps?num=10&amp;hl=nl&amp;um=1&amp;ie=UTF-8&amp;fb=1&amp;gl=nl&amp;sa=X&amp;sll=50.877273,4.707166&amp;sspn=0.0051992,0.0109864&amp;q=rooms+in+leuven&amp;ved=0ahUKEwiIvabPj_rfAhWEJlAKHVjiA4oQtgMIJQ"" style=""cursor:pointer;position:relative;height:200px;display:block"" tabindex=""0""><img height=""200"" id=""lu_map"" src=""/maps/vt/data=rwRU7EvkVB8WeBQNfoLMy93M6FROyKbFPt1Wn63xYRGMLocHg8FNqvMWf6YUhkYyX2G1Wn41K-yRbTttg1QGGiyYm3MG_uZOwsuMehVr7TPBqinask1ByLBqKgovicGw-77hoOZn-BzD_atGNTubZkrVUB9-k0d02yX-OZCSaq3wd9QGnJwLB5gYHfyAkrjXvcDbK6XJUpJdh8JyuKMsOLxtjFoGDGthYntLkQe823HH-Vf-KwD6s632PuI1bEkoaDAxJkmvfAY7QAzZJQ8yu1cUwofOK-Bynl8VKQecRSc3A8plCrCopdM87pPuVkcm-cl-4sKOf5dGteKLW6cNp-ak1tRVEE7yqUof096tE0tT9RvZzNet9Nmx4MN9lJ71LMsW23sk3XgoTzGte9p4My1ba9vQ9EfiLIdKGNeBwYb_V6AJzuuOZWlM17voMoSc-_03E-ZsT0q3xMs2KghDZZdy73BAplJ3SlFtjXNjm8qQ8YyD-AQedpB-g9PQe5Uj_DHPBaZEtabGMk_Zy3b8zO6lUjR6r3EK4vEnVxRPpw1Hxke8uBaRq3gi6pxfyDferlFWV6Zl-ot7cR3aobjHreswR_aEuEtHNSkmdEvEC27-z-8Imwdt_QJFfN_x2veIO41nQniZYqF_b9DcRX3lvFU6em2doFFpeglb2OwtThiNhk-PP5tg3W3oqckEK1iccYp685AbDfUdkzMxUdqoCjdazCdmoi6SdVxXrpaTLUGhJh7nlo57W1ZJLn-bSSY1rx00CYw1ctD2huVd8Qzyx-URJaFcgzax8lx9BXMTT-seTyxRFT3PhPjmBR_4l1x96D0zqZUmrun0_MGIJg0uPlA6pkFv6MBqQKENf39r7qqhb9JCW6gAY56o6VoScQYFvKfVFpmiSSJRx4KHAqq0SpSH-NTBzniTz5-v5COWo7SE4RARfaX0pAqGkkndG5N3Uy-VPv8OGCURVWZl494GtVscClFMlEuw5IkBMTCYhekeo2yzX7KBVHXD6nKd_1xjMYgeV0I0tpgbs0Q2eJLL9g2ihbLtVSxdHIDdtGNv6YyCbK9aY3ksgEOEZlHTSTT9Pu0n2ZUXH7YbIrkg2DjiZFF-r70sABhODzVxXzc-NC-n8Q"" width=""547"" title=""Kaart van rooms in leuven"" alt=""Kaart van rooms in leuven"" border=""0"">"
34,"<div class=""IvtMPc""><table class=""O6u2Ve""><td><a class=""LPMtqb"" href=""/search?hl=nl&amp;ie=UTF-8&amp;q=Escape+Room+Leuven+Leuven,+Belgi%C3%AB&amp;ludocid=12835289687358554145&amp;sa=X&amp;ved=0ahUKEwiIvabPj_rfAhWEJlAKHVjiA4oQvS4IKDAA""><div class=""kR1eme gsrt rllt__wrap-on-expand"" aria-level=""3"" role=""heading""><span>Escape Room Leuven</span></div><div><span class=""BTtC6e"">4,6</span> <g-review-stars><div class=""mQiB1 star""><div style=""width:59px"">&nbsp;</div></div></g-review-stars> (151) &middot; Escaperoomcentrum</div><div><span>Blijde Inkomststraat 103</span> &middot; +32 468 31 77 11</div><div><div class=""rllt__wrapped""></div></div><div class=""rllt__wrapped RHsRSe"" data-ved=""0ahUKEwiIvabPj_rfAhWEJlAKHVjiA4oQlbwCCC8wAA""><div class=""RfWLue OS1I9"" style=""width:100%"" data-ved=""0ahUKEwiIvabPj_rfAhWEJlAKHVjiA4oQrjUIMDAA""><div class=""nTz1e""><g-img class=""PCVMPe""><img id=""dimg_1"" src=""data:image/gif;base64,R0lGODlhAQABAIAAAP///////yH5BAEKAAEALAAAAAABAAEAAAICTAEAOw=="" data-deferred=""1"" class=""rISBZc M4dUYb"" height=""16"" width=""16"" alt=""""></g-img></div><div class=""b4vunb""><div class=""X0w5lc"">""Definitely will come back to try other <span class=""OaDgwd"">rooms</span>!""&#32;</div></div></div></div>"
35,"</td><td class=""hc8x7b""><a href=""/search?hl=nl&amp;ie=UTF-8&amp;q=Escape+Room+Leuven+Leuven,+Belgi%C3%AB&amp;ludocid=12835289687358554145&amp;sa=X&amp;ved=0ahUKEwiIvabPj_rfAhWEJlAKHVjiA4oQ_pABCDEwAA"" class=""nap1td""><div class=""boLwW MmpQZb""></div><div>Meer info</div>"
36,"</td></table></div><div class=""IvtMPc""><table class=""O6u2Ve""><td><a class=""LPMtqb"" href=""/search?hl=nl&amp;ie=UTF-8&amp;q=Digital+Rooms+Leuven,+Belgi%C3%AB&amp;ludocid=15788315112009681378&amp;sa=X&amp;ved=0ahUKEwiIvabPj_rfAhWEJlAKHVjiA4oQvS4IMzAB""><div class=""kR1eme gsrt rllt__wrap-on-expand"" aria-level=""3"" role=""heading""><span>Digital Rooms</span></div><div>Geen reviews &middot; Webdesign</div><div><span>Hogeschoolplein 15</span> &middot; +32 478 65 61 41</div><div><div class=""rllt__wrapped"">Open om 20:00</div></div>"
37,"</td><td class=""hc8x7b""><a href=""/search?hl=nl&amp;ie=UTF-8&amp;q=Digital+Rooms+Leuven,+Belgi%C3%AB&amp;ludocid=15788315112009681378&amp;sa=X&amp;ved=0ahUKEwiIvabPj_rfAhWEJlAKHVjiA4oQ_pABCDcwAQ"" class=""nap1td""><div class=""boLwW MmpQZb""></div><div>Meer info</div>"
38,"</td></table></div><div class=""IvtMPc""><table class=""O6u2Ve""><td><a class=""LPMtqb"" href=""/search?hl=nl&amp;ie=UTF-8&amp;q=Exitroom+Leuven+Leuven,+Belgi%C3%AB&amp;ludocid=16651123407001495198&amp;sa=X&amp;ved=0ahUKEwiIvabPj_rfAhWEJlAKHVjiA4oQvS4IOTAC""><div class=""kR1eme gsrt rllt__wrap-on-expand"" aria-level=""3"" role=""heading""><span>Exitroom Leuven</span></div><div><span class=""BTtC6e"">4,6</span> <g-review-stars><div class=""mQiB1 star""><div style=""width:59px"">&nbsp;</div></div></g-review-stars> (156) &middot; Toeristische attractie</div><div><span>Margaratheplein 8</span> &middot; +32 484 07 46 47</div><div><div class=""rllt__wrapped"">Open tot 22:00</div></div><div class=""rllt__wrapped RHsRSe"" data-ved=""0ahUKEwiIvabPj_rfAhWEJlAKHVjiA4oQlbwCCEAwAg""><div class=""RfWLue OS1I9"" style=""width:100%"" data-ved=""0ahUKEwiIvabPj_rfAhWEJlAKHVjiA4oQrjUIQTAC""><div class=""nTz1e""><g-img class=""PCVMPe""><img id=""dimg_3"" src=""data:image/gif;base64,R0lGODlhAQABAIAAAP///////yH5BAEKAAEALAAAAAABAAEAAAICTAEAOw=="" data-deferred=""1"" class=""rISBZc M4dUYb"" height=""16"" width=""16"" alt=""""></g-img></div><div class=""b4vunb""><div class=""X0w5lc"">""3 different Escape <span class=""OaDgwd"">Rooms</span>, different difficulty ...""&#32;</div></div></div></div>"
39,"</td><td class=""hc8x7b""><a href=""/search?hl=nl&amp;ie=UTF-8&amp;q=Exitroom+Leuven+Leuven,+Belgi%C3%AB&amp;ludocid=16651123407001495198&amp;sa=X&amp;ved=0ahUKEwiIvabPj_rfAhWEJlAKHVjiA4oQ_pABCEIwAg"" class=""nap1td""><div class=""boLwW MmpQZb""></div><div>Meer info</div>"
40,"</td></table></div><div><a class=""elzrQ"" href=""/search?hl=nl&amp;ie=UTF-8&amp;q=rooms+in+leuven&amp;npsic=0&amp;rlst=f&amp;rlha=0&amp;rllag=50877273,4707166,469&amp;sa=X&amp;ved=0ahUKEwiIvabPj_rfAhWEJlAKHVjiA4oQjGoIQw"">Meer plaatsen"
41,"</div></div><div class=""g""><h3 class=""r""><a href=""/url?q=https://housinganywhere.com/s/Leuven--Belgium&amp;sa=U&amp;ved=0ahUKEwiIvabPj_rfAhWEJlAKHVjiA4oQFghFMAM&amp;usg=AOvVaw2fbzlcXfK8UbkJ-Wn1HDry""><b>Accommodation</b> for rent in <b>Leuven</b>, Belgium | HousingAnywhere"
42,"</h3><div class=""s""><div class=""hJND5c"" style=""margin-bottom:2px""><cite>https://housinganywhere.com/s/<b>Leuven</b>--Belgium</cite><div class=""Pj9hGd""><div style=""display:inline"" onclick=""google.sham(this);"" aria-expanded=""false"" aria-haspopup=""true"" tabindex=""0"" data-ved=""0ahUKEwiIvabPj_rfAhWEJlAKHVjiA4oQ7B0IRjAD""><span class=""CiacGf""></span></div><div style=""display:none"" class=""am-dropdown-menu"" role=""menu"" tabindex=""-1""><ul><li class=""mUpfKd""><a class=""imx0m"" href=""/url?q=http://webcache.googleusercontent.com/search%3Fq%3Dcache:ptYxbGyyIMkJ:https://housinganywhere.com/s/Leuven--Belgium%252Brooms%2Bin%2Bleuven%26hl%3Dnl%26ct%3Dclnk&amp;sa=U&amp;ved=0ahUKEwiIvabPj_rfAhWEJlAKHVjiA4oQIAhIMAM&amp;usg=AOvVaw3yBo_6wqPi0-_5PGaSPuee"">In cache"
43,"</li></ul></div></div></div><span class=""st"">Rent from people in <b>Leuven</b> from EUR 200/month. Book your place online and <br>
feel at home all over the world with HousingAnywhere.</span><br></div></div><div class=""g""><h3 class=""r""><a href=""/url?q=https://www.student.be/en/leuven/student-rooms&amp;sa=U&amp;ved=0ahUKEwiIvabPj_rfAhWEJlAKHVjiA4oQFghKMAQ&amp;usg=AOvVaw17rEp4ZSgrRZL0OL7rvScX"">Student <b>rooms in Leuven</b> | Student.be"
44,"</h3><div class=""s""><div class=""hJND5c"" style=""margin-bottom:2px""><cite>https://www.student.be/en/<b>leuven</b>/student-<b>rooms</b></cite><div class=""Pj9hGd""><div style=""display:inline"" onclick=""google.sham(this);"" aria-expanded=""false"" aria-haspopup=""true"" tabindex=""0"" data-ved=""0ahUKEwiIvabPj_rfAhWEJlAKHVjiA4oQ7B0ISzAE""><span class=""CiacGf""></span></div><div style=""display:none"" class=""am-dropdown-menu"" role=""menu"" tabindex=""-1""><ul><li class=""mUpfKd""><a class=""imx0m"" href=""/url?q=http://webcache.googleusercontent.com/search%3Fq%3Dcache:qNDIQswe43wJ:https://www.student.be/en/leuven/student-rooms%252Brooms%2Bin%2Bleuven%26hl%3Dnl%26ct%3Dclnk&amp;sa=U&amp;ved=0ahUKEwiIvabPj_rfAhWEJlAKHVjiA4oQIAhNMAQ&amp;usg=AOvVaw0EOFxnUDSmVxgG3SsKmB_H"">In cache"
45,"</li></ul></div></div></div><span class=""st"">Find a student room, a flat or a shared house for students in <b>Leuven</b>. Find a <br>
roommate or place an add for free on Student.be!</span><br></div></div><div class=""g""><h3 class=""r""><a href=""/url?q=https://erasmusu.com/en/erasmus-leuven/room-for-rent-student&amp;sa=U&amp;ved=0ahUKEwiIvabPj_rfAhWEJlAKHVjiA4oQFghPMAU&amp;usg=AOvVaw2_3P9_8BIh5L9BR_yxxuaR"">Rent student <b>rooms Leuven</b>, Belgium | Erasmusu.com"
46,"</h3><div class=""s""><div class=""hJND5c"" style=""margin-bottom:2px""><cite>https://erasmusu.com/en/erasmus-<b>leuven</b>/room-for-rent-student</cite><div class=""Pj9hGd""><div style=""display:inline"" onclick=""google.sham(this);"" aria-expanded=""false"" aria-haspopup=""true"" tabindex=""0"" data-ved=""0ahUKEwiIvabPj_rfAhWEJlAKHVjiA4oQ7B0IUDAF""><span class=""CiacGf""></span></div><div style=""display:none"" class=""am-dropdown-menu"" role=""menu"" tabindex=""-1""><ul><li class=""mUpfKd""><a class=""imx0m"" href=""/url?q=http://webcache.googleusercontent.com/search%3Fq%3Dcache:vjmzLN0COikJ:https://erasmusu.com/en/erasmus-leuven/room-for-rent-student%252Brooms%2Bin%2Bleuven%26hl%3Dnl%26ct%3Dclnk&amp;sa=U&amp;ved=0ahUKEwiIvabPj_rfAhWEJlAKHVjiA4oQIAhSMAU&amp;usg=AOvVaw3IsT1uRvrahOCL2zO5kXPN"">In cache"
47,"</li><li class=""mUpfKd""><a class=""imx0m"" href=""/search?hl=nl&amp;ie=UTF-8&amp;q=related:https://erasmusu.com/en/erasmus-leuven/room-for-rent-student+rooms+in+leuven&amp;tbo=1&amp;sa=X&amp;ved=0ahUKEwiIvabPj_rfAhWEJlAKHVjiA4oQHwhTMAU"">Vergelijkbaar"
48,"</li></ul></div></div></div><span class=""st""><b>Rooms</b> for rent for students and Erasmus in <b>Leuven</b>, Belgium. Shared flats and <br>
roommates.</span><br></div></div><div class=""g""><h3 class=""r""><a href=""/url?q=https://www.uwkotinleuven.be/en/&amp;sa=U&amp;ved=0ahUKEwiIvabPj_rfAhWEJlAKHVjiA4oQFghVMAY&amp;usg=AOvVaw1-zX88vw8fJFypy3lbCMgH"">Uw kot in Leuven - Student housing and <b>rooms in Leuven</b>"
49,"</h3><div class=""s""><div class=""hJND5c"" style=""margin-bottom:2px""><cite>https://www.uwkotin<b>leuven</b>.be/en/</cite><div class=""Pj9hGd""><div style=""display:inline"" onclick=""google.sham(this);"" aria-expanded=""false"" aria-haspopup=""true"" tabindex=""0"" data-ved=""0ahUKEwiIvabPj_rfAhWEJlAKHVjiA4oQ7B0IVjAG""><span class=""CiacGf""></span></div><div style=""display:none"" class=""am-dropdown-menu"" role=""menu"" tabindex=""-1""><ul><li class=""mUpfKd""><a class=""imx0m"" href=""/url?q=http://webcache.googleusercontent.com/search%3Fq%3Dcache:W7hyba8NwYkJ:https://www.uwkotinleuven.be/en/%252Brooms%2Bin%2Bleuven%26hl%3Dnl%26ct%3Dclnk&amp;sa=U&amp;ved=0ahUKEwiIvabPj_rfAhWEJlAKHVjiA4oQIAhYMAY&amp;usg=AOvVaw38_J7Ms5cGRiNz3jAY7sOl"">In cache"
50,"</li></ul></div></div></div><span class=""st"">The student housing website for <b>Leuven</b>. Find your student room in <b>Leuven</b>.</span><br></div></div><div class=""g""><h3 class=""r""><a href=""/url?q=https://ikot.be/en/op-kot-in-leuven&amp;sa=U&amp;ved=0ahUKEwiIvabPj_rfAhWEJlAKHVjiA4oQFghaMAc&amp;usg=AOvVaw1U4MGuGOp-HQa5KZwd5HXw""><b>Rooms in Leuven</b> - iKot.be"
51,"</h3><div class=""s""><div class=""hJND5c"" style=""margin-bottom:2px""><cite>https://ikot.be/en/op-kot-in-<b>leuven</b></cite><div class=""Pj9hGd""><div style=""display:inline"" onclick=""google.sham(this);"" aria-expanded=""false"" aria-haspopup=""true"" tabindex=""0"" data-ved=""0ahUKEwiIvabPj_rfAhWEJlAKHVjiA4oQ7B0IWzAH""><span class=""CiacGf""></span></div><div style=""display:none"" class=""am-dropdown-menu"" role=""menu"" tabindex=""-1""><ul><li class=""mUpfKd""><a class=""imx0m"" href=""/url?q=http://webcache.googleusercontent.com/search%3Fq%3Dcache:hJt3132PfJ8J:https://ikot.be/en/op-kot-in-leuven%252Brooms%2Bin%2Bleuven%26hl%3Dnl%26ct%3Dclnk&amp;sa=U&amp;ved=0ahUKEwiIvabPj_rfAhWEJlAKHVjiA4oQIAhdMAc&amp;usg=AOvVaw1ynXgTVFbpxt1ViATLklO6"">In cache"
52,"</li><li class=""mUpfKd""><a class=""imx0m"" href=""/search?hl=nl&amp;ie=UTF-8&amp;q=related:https://ikot.be/en/op-kot-in-leuven+rooms+in+leuven&amp;tbo=1&amp;sa=X&amp;ved=0ahUKEwiIvabPj_rfAhWEJlAKHVjiA4oQHwheMAc"">Vergelijkbaar"
53,"</li></ul></div></div></div><span class=""st"">Op iKot.be leest u alles over op kot gaan in <b>Leuven</b>. Daarnaast hebben we <br>
diverse vrije koten in <b>Leuven</b>.</span><br></div></div><div class=""g""><h3 class=""r""><a href=""/url?q=https://skot.be/room-leuven&amp;sa=U&amp;ved=0ahUKEwiIvabPj_rfAhWEJlAKHVjiA4oQFghgMAg&amp;usg=AOvVaw2by8MZJJoQYbPQTWO_Ih2u"">Room to Rent in <b>Leuven</b> | skot.be"
54,"</h3><div class=""s""><div class=""hJND5c"" style=""margin-bottom:2px""><cite>https://skot.be/room-<b>leuven</b></cite><div class=""Pj9hGd""><div style=""display:inline"" onclick=""google.sham(this);"" aria-expanded=""false"" aria-haspopup=""true"" tabindex=""0"" data-ved=""0ahUKEwiIvabPj_rfAhWEJlAKHVjiA4oQ7B0IYTAI""><span class=""CiacGf""></span></div><div style=""display:none"" class=""am-dropdown-menu"" role=""menu"" tabindex=""-1""><ul><li class=""mUpfKd""><a class=""imx0m"" href=""/url?q=http://webcache.googleusercontent.com/search%3Fq%3Dcache:6V2a0zhEVqkJ:https://skot.be/room-leuven%252Brooms%2Bin%2Bleuven%26hl%3Dnl%26ct%3Dclnk&amp;sa=U&amp;ved=0ahUKEwiIvabPj_rfAhWEJlAKHVjiA4oQIAhjMAg&amp;usg=AOvVaw1kWTnLzGN975JMyH3SEEbR"">In cache"
55,"</li></ul></div></div></div><span class=""st"">Looking For <b>a Room in Leuven</b>? New apartments, houses and rooms for rent <br>
posted every day on skot.be. Property to let? Post your advert FREE!</span><br></div></div><div class=""g""><h3 class=""r""><a href=""/url?q=https://www.kuleuven.be/english/studentservices/housing-leuven&amp;sa=U&amp;ved=0ahUKEwiIvabPj_rfAhWEJlAKHVjiA4oQFghlMAk&amp;usg=AOvVaw2md8AjyajnnSmo5u0ab-U-"">Kotwijs - Student Housing in <b>Leuven</b> &#8211; Housing <b>Leuven</b> - KU <b>Leuven</b>"
56,"</h3><div class=""s""><div class=""hJND5c"" style=""margin-bottom:2px""><cite>https://www.ku<b>leuven</b>.be/english/studentservices/housing-<b>leuven</b></cite><div class=""Pj9hGd""><div style=""display:inline"" onclick=""google.sham(this);"" aria-expanded=""false"" aria-haspopup=""true"" tabindex=""0"" data-ved=""0ahUKEwiIvabPj_rfAhWEJlAKHVjiA4oQ7B0IZjAJ""><span class=""CiacGf""></span></div><div style=""display:none"" class=""am-dropdown-menu"" role=""menu"" tabindex=""-1""><ul><li class=""mUpfKd""><a class=""imx0m"" href=""/url?q=http://webcache.googleusercontent.com/search%3Fq%3Dcache:vqy91LwNqoEJ:https://www.kuleuven.be/english/studentservices/housing-leuven%252Brooms%2Bin%2Bleuven%26hl%3Dnl%26ct%3Dclnk&amp;sa=U&amp;ved=0ahUKEwiIvabPj_rfAhWEJlAKHVjiA4oQIAhoMAk&amp;usg=AOvVaw117jPwAmGzhcYBSSF1BhB7"">In cache"
57,"</li></ul></div></div></div><span class=""st"">KU <b>Leuven</b> provides information for international students about <b>rooms</b>, studio&#39;s, <br>
apartments on the private housing market and in (university) residence halls.</span><br></div></div><div class=""g""><h3 class=""r""><a href=""/url?q=https://www.be-housing.be/en/aparthotels-leuven&amp;sa=U&amp;ved=0ahUKEwiIvabPj_rfAhWEJlAKHVjiA4oQFghqMAo&amp;usg=AOvVaw2SYJyU0snktFz1ok_aNOVw"">Furnished apartments and studios in <b>Leuven</b> Belgium | Be-Housing"
58,"</h3><div class=""s""><div class=""hJND5c"" style=""margin-bottom:2px""><cite>https://www.be-housing.be/en/aparthotels-<b>leuven</b></cite><div class=""Pj9hGd""><div style=""display:inline"" onclick=""google.sham(this);"" aria-expanded=""false"" aria-haspopup=""true"" tabindex=""0"" data-ved=""0ahUKEwiIvabPj_rfAhWEJlAKHVjiA4oQ7B0IazAK""><span class=""CiacGf""></span></div><div style=""display:none"" class=""am-dropdown-menu"" role=""menu"" tabindex=""-1""><ul><li class=""mUpfKd""><a class=""imx0m"" href=""/url?q=http://webcache.googleusercontent.com/search%3Fq%3Dcache:vLG5ygd3tbUJ:https://www.be-housing.be/en/aparthotels-leuven%252Brooms%2Bin%2Bleuven%26hl%3Dnl%26ct%3Dclnk&amp;sa=U&amp;ved=0ahUKEwiIvabPj_rfAhWEJlAKHVjiA4oQIAhtMAo&amp;usg=AOvVaw11xqipmtyVSa-xRSGd-bH8"">In cache"
59,"</li><li class=""mUpfKd""><a class=""imx0m"" href=""/search?hl=nl&amp;ie=UTF-8&amp;q=related:https://www.be-housing.be/en/aparthotels-leuven+rooms+in+leuven&amp;tbo=1&amp;sa=X&amp;ved=0ahUKEwiIvabPj_rfAhWEJlAKHVjiA4oQHwhuMAo"">Vergelijkbaar"
60,"</li></ul></div></div></div><span class=""st"">This makes our accommodations ideal business flats, student flats or a cheap <br>
alternative for hotel rooms. Wish to rent an <b>accommodation in Leuven</b> at one of <br>
our&nbsp;...</span><br></div></div><div class=""g""><h3 class=""r""><a href=""/url?q=https://www.xior.be/en/city/leuven&amp;sa=U&amp;ved=0ahUKEwiIvabPj_rfAhWEJlAKHVjiA4oQFghwMAs&amp;usg=AOvVaw24BiQ2myMl0_5NFfjj9eXm"">Student <b>rooms</b> for rent in <b>Leuven</b> - Xior Student housing"
61,"</h3><div class=""s""><div class=""hJND5c"" style=""margin-bottom:2px""><cite>https://www.xior.be/en/city/<b>leuven</b></cite><div class=""Pj9hGd""><div style=""display:inline"" onclick=""google.sham(this);"" aria-expanded=""false"" aria-haspopup=""true"" tabindex=""0"" data-ved=""0ahUKEwiIvabPj_rfAhWEJlAKHVjiA4oQ7B0IcTAL""><span class=""CiacGf""></span></div><div style=""display:none"" class=""am-dropdown-menu"" role=""menu"" tabindex=""-1""><ul><li class=""mUpfKd""><a class=""imx0m"" href=""/url?q=http://webcache.googleusercontent.com/search%3Fq%3Dcache:NE9WmICv8RkJ:https://www.xior.be/en/city/leuven%252Brooms%2Bin%2Bleuven%26hl%3Dnl%26ct%3Dclnk&amp;sa=U&amp;ved=0ahUKEwiIvabPj_rfAhWEJlAKHVjiA4oQIAhzMAs&amp;usg=AOvVaw0o60mhgqAozJ-SdUp3bxAl"">In cache"
62,"</li></ul></div></div></div><span class=""st"">Looking for a dorm room or student flat in Ghent, Antwerp, <b>Leuven</b>, Mechelen, <br>
Breda, The Hague, Maastricht or Tilburg? Xior offers student flats and studios.</span><br></div></div><div class=""g""><h3 class=""r""><a href=""/url?q=https://immo.vlan.be/en/search/student-housing/to-rent/any/3000/leuven&amp;sa=U&amp;ved=0ahUKEwiIvabPj_rfAhWEJlAKHVjiA4oQFgh1MAw&amp;usg=AOvVaw2cgGIGiNI6vrIe598mfkdQ"">Student Flats to rent in <b>Leuven</b> 3000 | Immovlan.be"
63,"</h3><div class=""s""><div class=""hJND5c"" style=""margin-bottom:2px""><cite>https://immo.vlan.be/en/search/student-housing/to-rent/.../<b>leuven</b></cite><div class=""Pj9hGd""><div style=""display:inline"" onclick=""google.sham(this);"" aria-expanded=""false"" aria-haspopup=""true"" tabindex=""0"" data-ved=""0ahUKEwiIvabPj_rfAhWEJlAKHVjiA4oQ7B0IdjAM""><span class=""CiacGf""></span></div><div style=""display:none"" class=""am-dropdown-menu"" role=""menu"" tabindex=""-1""><ul><li class=""mUpfKd""><a class=""imx0m"" href=""/url?q=http://webcache.googleusercontent.com/search%3Fq%3Dcache:gm8nFHY14GAJ:https://immo.vlan.be/en/search/student-housing/to-rent/any/3000/leuven%252Brooms%2Bin%2Bleuven%26hl%3Dnl%26ct%3Dclnk&amp;sa=U&amp;ved=0ahUKEwiIvabPj_rfAhWEJlAKHVjiA4oQIAh4MAw&amp;usg=AOvVaw3cfPvbmwZzR9nvxdpWDHd_"">In cache"
64,"</li></ul></div></div></div><span class=""st"">You would like rent student flat? Discover all properties in <b>Leuven</b> 3000 : price, <br>
surface in m², bedrooms, land other characteristics.</span><br></div></div></ol></div></div></div><div class=""C4eCVc"" id=""D7Sjmd""><ol><li class=""ads-ad""><h3 class=""ellip""><a href=""http://www.google.com/aclk?sa=l&amp;ai=DChcSEwjruqzPj_rfAhVDxrIKHQauBQkYABAFGgJscg&amp;sig=AOD64_1EByqRE6hVJiavyv0smS04UjcX-g&amp;ved=0ahUKEwiIvabPj_rfAhWEJlAKHVjiA4oQ0QwIew&amp;adurl="">Hotels in <b>Leuven</b> | Kies uit 69 Hotels"
65,"</h3><div class=""ads-visurl""><span class=""Z98Wse"">Adv.</span><cite class=""UdQCqe"">www.trivago.nl/Hotels/<b>Leuven</b></cite><div class=""Pj9hGd""><div style=""display:inline"" onclick=""google.sham(this);"" aria-expanded=""false"" aria-haspopup=""true"" tabindex=""0"" data-ved=""0ahUKEwiIvabPj_rfAhWEJlAKHVjiA4oQ7B0IfA""><span class=""CiacGf""></span></div><div style=""display:none"" class=""am-dropdown-menu"" role=""menu"" tabindex=""-1""><ul><li class=""mUpfKd"" style=""margin:0""><a class=""imx0m"" href=""/url?q=/settings/ads/preferences%3Fhl%3Dnl&amp;sa=U&amp;ved=0ahUKEwiIvabPj_rfAhWEJlAKHVjiA4oQgRMIfg&amp;usg=AOvVaw1Q0jeThgmiSx6HGb0GPO98"" target=""_blank"">Waarom deze advertentie?"
66,"</li></ul></div></div></div><div class=""pCA4Bd""><span class=""ul7Gbc"">4,7</span> <div class=""mQiB1 star""><div style=""width:59px"">&nbsp;</div></div> <a href=""/url?q=https://www.google.com/shopping/ratings/account/metrics%3Fq%3Dtrivago.nl%26c%3DNL%26v%3D2&amp;sa=U&amp;ved=0ahUKEwiIvabPj_rfAhWEJlAKHVjiA4oQ_aQDCIAB&amp;usg=AOvVaw1qpo9KgB5T7xCjAj5VRjCi"">beoord. van adverteerder"
67,"</div><div class=""ads-creative"">Vind Hotels in <b>Leuven</b> voor een Goede Prijs - Zoek, Vergelijk &amp; Bespaar nu! Vergelijk prijzen. Hotel? trivago&#8482;. Snel &amp; gemakkelijk. Bespaar geld. Gast beoordelingen. Hotel deals. Reviews.</div></li></ol></div><div style=""clear:both;margin-bottom:17px;overflow:hidden""><div style=""font-size:16px;padding:0 8px 1px"">Zoekopdrachten verwant aan: <b>rooms in leuven</b></div><table border=""0"" cellpadding=""0"" cellspacing=""0""><tr><td valign=""top""><p class=""aw5cc"" style=""margin:3px 8px""><a href=""/search?hl=nl&amp;ie=UTF-8&amp;q=student+housing+leuven&amp;sa=X&amp;ved=0ahUKEwiIvabPj_rfAhWEJlAKHVjiA4oQ1QIIgwEoAA""><b>student housing</b> leuven"
68,"</p></td><td valign=""top"" style=""padding-left:10px""><p class=""aw5cc"" style=""margin:3px 8px""><a href=""/search?hl=nl&amp;ie=UTF-8&amp;q=kamer+huren+leuven&amp;sa=X&amp;ved=0ahUKEwiIvabPj_rfAhWEJlAKHVjiA4oQ1QIIhAEoAQ""><b>kamer huren</b> leuven"
69,"</p></td></tr><tr><td valign=""top""><p class=""aw5cc"" style=""margin:3px 8px""><a href=""/search?hl=nl&amp;ie=UTF-8&amp;q=studio+leuven+student&amp;sa=X&amp;ved=0ahUKEwiIvabPj_rfAhWEJlAKHVjiA4oQ1QIIhQEoAg""><b>studio</b> leuven <b>student</b>"
70,"</p></td><td valign=""top"" style=""padding-left:10px""><p class=""aw5cc"" style=""margin:3px 8px""><a href=""/search?hl=nl&amp;ie=UTF-8&amp;q=kot+redingenstraat+leuven&amp;sa=X&amp;ved=0ahUKEwiIvabPj_rfAhWEJlAKHVjiA4oQ1QIIhgEoAw""><b>kot redingenstraat</b> leuven"
71,"</p></td></tr><tr><td valign=""top""><p class=""aw5cc"" style=""margin:3px 8px""><a href=""/search?hl=nl&amp;ie=UTF-8&amp;q=kot+windmolenveldstraat+leuven&amp;sa=X&amp;ved=0ahUKEwiIvabPj_rfAhWEJlAKHVjiA4oQ1QIIhwEoBA""><b>kot windmolenveldstraat</b> leuven"
72,"</p></td><td valign=""top"" style=""padding-left:10px""><p class=""aw5cc"" style=""margin:3px 8px""><a href=""/search?hl=nl&amp;ie=UTF-8&amp;q=kot+dagobertstraat+leuven&amp;sa=X&amp;ved=0ahUKEwiIvabPj_rfAhWEJlAKHVjiA4oQ1QIIiAEoBQ""><b>kot dagobertstraat</b> leuven"
73,"</p></td></tr><tr><td valign=""top""><p class=""aw5cc"" style=""margin:3px 8px""><a href=""/search?hl=nl&amp;ie=UTF-8&amp;q=kot+braban%C3%A7onnestraat+leuven&amp;sa=X&amp;ved=0ahUKEwiIvabPj_rfAhWEJlAKHVjiA4oQ1QIIiQEoBg""><b>kot brabançonnestraat</b> leuven"
74,"</p></td><td valign=""top"" style=""padding-left:10px""><p class=""aw5cc"" style=""margin:3px 8px""><a href=""/search?hl=nl&amp;ie=UTF-8&amp;q=luxe+koten+leuven&amp;sa=X&amp;ved=0ahUKEwiIvabPj_rfAhWEJlAKHVjiA4oQ1QIIigEoBw""><b>luxe koten</b> leuven"
75,"</p></td></tr></table></div></div><div id=""foot""><table align=""center"" border=""0"" cellpadding=""0"" cellspacing=""0"" id=""nav""><tr valign=""top""><td align=""left"" class=""b""><span class=""csb"" style=""background-position:-24px 0;width:28px""></span><b></b></td><td><span class=""csb"" style=""background-position:-53px 0;width:20px""></span><b>1</b></td><td><a class=""fl"" href=""/search?q=rooms+in+leuven&amp;hl=nl&amp;ie=UTF-8&amp;prmd=ivnsm&amp;ei=Bj1DXIiiE4TNwALYxI_QCA&amp;start=10&amp;sa=N""><span class=""csb"" style=""background-position:-74px 0;width:20px""></span>2"
76,"</td><td><a class=""fl"" href=""/search?q=rooms+in+leuven&amp;hl=nl&amp;ie=UTF-8&amp;prmd=ivnsm&amp;ei=Bj1DXIiiE4TNwALYxI_QCA&amp;start=20&amp;sa=N""><span class=""csb"" style=""background-position:-74px 0;width:20px""></span>3"
77,"</td><td><a class=""fl"" href=""/search?q=rooms+in+leuven&amp;hl=nl&amp;ie=UTF-8&amp;prmd=ivnsm&amp;ei=Bj1DXIiiE4TNwALYxI_QCA&amp;start=30&amp;sa=N""><span class=""csb"" style=""background-position:-74px 0;width:20px""></span>4"
78,"</td><td><a class=""fl"" href=""/search?q=rooms+in+leuven&amp;hl=nl&amp;ie=UTF-8&amp;prmd=ivnsm&amp;ei=Bj1DXIiiE4TNwALYxI_QCA&amp;start=40&amp;sa=N""><span class=""csb"" style=""background-position:-74px 0;width:20px""></span>5"
79,"</td><td><a class=""fl"" href=""/search?q=rooms+in+leuven&amp;hl=nl&amp;ie=UTF-8&amp;prmd=ivnsm&amp;ei=Bj1DXIiiE4TNwALYxI_QCA&amp;start=50&amp;sa=N""><span class=""csb"" style=""background-position:-74px 0;width:20px""></span>6"
80,"</td><td><a class=""fl"" href=""/search?q=rooms+in+leuven&amp;hl=nl&amp;ie=UTF-8&amp;prmd=ivnsm&amp;ei=Bj1DXIiiE4TNwALYxI_QCA&amp;start=60&amp;sa=N""><span class=""csb"" style=""background-position:-74px 0;width:20px""></span>7"
81,"</td><td><a class=""fl"" href=""/search?q=rooms+in+leuven&amp;hl=nl&amp;ie=UTF-8&amp;prmd=ivnsm&amp;ei=Bj1DXIiiE4TNwALYxI_QCA&amp;start=70&amp;sa=N""><span class=""csb"" style=""background-position:-74px 0;width:20px""></span>8"
82,"</td><td><a class=""fl"" href=""/search?q=rooms+in+leuven&amp;hl=nl&amp;ie=UTF-8&amp;prmd=ivnsm&amp;ei=Bj1DXIiiE4TNwALYxI_QCA&amp;start=80&amp;sa=N""><span class=""csb"" style=""background-position:-74px 0;width:20px""></span>9"
83,"</td><td><a class=""fl"" href=""/search?q=rooms+in+leuven&amp;hl=nl&amp;ie=UTF-8&amp;prmd=ivnsm&amp;ei=Bj1DXIiiE4TNwALYxI_QCA&amp;start=90&amp;sa=N""><span class=""csb"" style=""background-position:-74px 0;width:20px""></span>10"
84,"</td><td class=""b"" style=""text-align:left""><a class=""fl"" href=""/search?q=rooms+in+leuven&amp;hl=nl&amp;ie=UTF-8&amp;prmd=ivnsm&amp;ei=Bj1DXIiiE4TNwALYxI_QCA&amp;start=10&amp;sa=N"" style=""text-align:left""><span class=""csb"" style=""background-position:-96px 0;width:71px""></span><span style=""display:block;margin-left:53px"">Volgende</span>"
85,"</td></tr></table><p class=""A8ul6"" id=""bfl"" style=""margin:19px 0 0;text-align:center""><a href=""/advanced_search?q=rooms+in+leuven&amp;hl=nl&amp;ie=UTF-8&amp;prmd=ivnsm"">Geavanceerd zoeken"
86,"<a href=""/support/websearch/bin/answer.py?answer=134479&amp;hl=nl"">Hulp bij zoeken"
87," <a href=""/tools/feedback/survey/html?productId=196&amp;query=rooms+in+leuven&amp;hl=nl"">Feedback verzenden"
88,"</p><div class=""A8ul6"" id=""fll"" style=""margin:19px auto 19px auto;text-align:center""><a href=""/"">Google&nbsp;Home"
89," <a href=""/intl/nl/ads"">Advertentieprogramma&#8217;s"
90," <a href=""/intl/nl/policies/privacy/"">Privacy"
91," <a href=""/intl/nl/policies/terms/"">Voorwaarden"
92," <a href=""/intl/nl/about.html"">Over Google"
93,"</div></div></td><td id=""rhs_block"" valign=""top""></td></tr></tbody></table><script type=""text/javascript"" nonce=""1b2d0oO4lVMFIHY08VLRMQ=="">(function(){var eventid='Bj1DXIiiE4TNwALYxI_QCA';google.kEI = eventid;})();</script><script src=""/xjs/_/js/k=xjs.hp.en.VmhDnLmA9vs.O/m=sb_he,d/rt=j/d=1/rs=ACT90oEXj61SEROFBh-NH_tBTsS3AlvN9A"" nonce=""1b2d0oO4lVMFIHY08VLRMQ==""></script><script type=""text/javascript"" nonce=""1b2d0oO4lVMFIHY08VLRMQ=="">google.ac&&google.ac.c({""agen"":true,""cgen"":true,""client"":""heirloom-serp"",""dh"":true,""dhqt"":true,""ds"":"""",""ffql"":""en"",""fl"":true,""host"":""google.com"",""isbh"":28,""jsonp"":true,""msgs"":{""cibl"":""Zoekopdracht wissen"",""dym"":""Bedoelde je:"",""lcky"":""Ik doe een gok"",""lml"":""Meer informatie"",""oskt"":""Invoertools"",""psrc"":""Deze zoekopdracht is verwijderd uit je \u003Ca href=\""/history\""\u003EWebgeschiedenis\u003C/a\u003E"",""psrl"":""Verwijderen"",""sbit"":""Zoeken op afbeelding"",""srch"":""Google zoeken""},""ovr"":{},""pq"":""rooms in leuven"",""refpd"":true,""rfs"":[""student housing leuven"",""studio leuven student"",""kot windmolenveldstraat leuven"",""kot brabançonnestraat leuven"",""kamer huren leuven"",""kot redingenstraat leuven"",""kot dagobertstraat leuven"",""luxe koten leuven""],""sbpl"":24,""sbpr"":24,""scd"":10,""sce"":5,""stok"":""Ld1j72VO1JAl2t17rtH90kZpz1k"",""uhde"":false})</script><script nonce=""1b2d0oO4lVMFIHY08VLRMQ=="">(function(){window.google.cdo={height:0,width:0};(function(){var a=window.innerWidth,b=window.innerHeight;if(!a||!b){var c=window.document,d=""CSS1Compat""==c.compatMode?c.documentElement:c.body;a=d.clientWidth;b=d.clientHeight}a&&b&&(a!=google.cdo.width||b!=google.cdo.height)&&google.log("""","""",""/client_204?&atyp=i&biw=""+a+""&bih=""+b+""&ei=""+google.kEI);}).call(this);})();</script></body></html>"
